d, GPU, CPU 
4, 28803,166.7
8, 1532.7,222.6
16, 1546.9,444.1
32, 1573.9,962.9
64, 1540.2,1893.7
128, 1564.2,3792.3
256, 1550.6,9788.8
512, 1572.3,20769.2
1024, 1726.3,57262.4
2048, 1511.1,111272
4096, 1609,219040
8192, 1585,452546
16384, 1563,916976
32768, 1512.9,1.8889e+06
65536, 1573.4,3.86514e+06
131072, 1564.1,7.77146e+06
262144, 2229.9,1.56426e+07
524288, 1568.5,3.03433e+07
